{
      "spikes 1": [
            2.83,
            18.27,
            32.79,
            47.47,
            62.16,
            76.85,
            91.54,
            106.24,
            120.93,
            135.62,
            150.31,
            165.0,
            179.69,
            194.38,
            209.08,
            223.77,
            238.46,
            253.15,
            267.84,
            282.53,
            297.22,
            311.92,
            326.61,
            341.3,
            355.99,
            370.68,
            385.37
      ],
      "period 1": [
            15.44,
            14.52,
            14.68,
            14.689999999999998,
            14.689999999999998,
            14.690000000000012,
            14.699999999999989,
            14.690000000000012,
            14.689999999999998,
            14.689999999999998,
            14.689999999999998,
            14.689999999999998,
            14.689999999999998,
            14.700000000000017,
            14.689999999999998,
            14.689999999999998,
            14.689999999999998,
            14.68999999999997,
            14.689999999999998,
            14.690000000000055,
            14.699999999999989,
            14.689999999999998,
            14.689999999999998,
            14.689999999999998,
            14.689999999999998,
            14.689999999999998
      ],
      "spikes 2": [
            2.76,
            17.31,
            31.47,
            45.78,
            60.1,
            74.43,
            88.75,
            103.08,
            117.4,
            131.73,
            146.05,
            160.38,
            174.7,
            189.02,
            203.35,
            217.67,
            232.0,
            246.32,
            260.65,
            274.97,
            289.3,
            303.62,
            317.95,
            332.27,
            346.6,
            360.92,
            375.25,
            389.57
      ],
      "period 2": [
            14.549999999999999,
            14.16,
            14.310000000000002,
            14.32,
            14.330000000000005,
            14.319999999999993,
            14.329999999999998,
            14.320000000000007,
            14.329999999999984,
            14.320000000000022,
            14.329999999999984,
            14.319999999999993,
            14.320000000000022,
            14.329999999999984,
            14.319999999999993,
            14.330000000000013,
            14.319999999999993,
            14.329999999999984,
            14.32000000000005,
            14.329999999999984,
            14.319999999999993,
            14.329999999999984,
            14.319999999999993,
            14.330000000000041,
            14.319999999999993,
            14.329999999999984,
            14.319999999999993
      ],
      "delay": [
            0.07000000000000028,
            0.9600000000000009,
            1.3200000000000003,
            1.6899999999999977,
            2.059999999999995,
            2.4199999999999875,
            2.7900000000000063,
            3.1599999999999966,
            3.530000000000001,
            3.890000000000015,
            4.259999999999991,
            4.6200000000000045,
            4.990000000000009,
            5.359999999999985,
            5.730000000000018,
            6.100000000000023,
            6.460000000000008,
            6.8300000000000125,
            7.189999999999998,
            7.559999999999945,
            7.920000000000016,
            8.300000000000011,
            8.660000000000025,
            9.03000000000003,
            9.389999999999986,
            9.759999999999991,
            10.120000000000005
      ]
}